date,temperature_2m,relative_humidity_2m,apparent_temperature,precipitation,wind_speed_10m,is_day,shortwave_radiation
2024-10-11 00:00:00+00:00,11.4,88.0,10.23947,0.1,7.072878,0.0,0.0
2024-10-11 00:15:00+00:00,11.35,88.0,10.22654,0.1,6.725354,0.0,0.0
2024-10-11 00:30:00+00:00,11.3,89.0,10.243811,0.3,6.489992,0.0,0.0
2024-10-11 00:45:00+00:00,11.2,89.0,10.170434,0.3,6.12,0.0,0.0
2024-10-11 01:00:00+00:00,11.1,89.0,10.074697,0.3,5.904439,0.0,0.0
2024-10-11 01:15:00+00:00,11.05,89.0,9.978189,0.1,6.1305785,0.0,0.0
2024-10-11 01:30:00+00:00,10.95,89.0,9.709833,0.1,7.10031,0.0,0.0
2024-10-11 01:45:00+00:00,10.85,89.0,9.467099,0.2,7.8954163,0.0,0.0
2024-10-11 02:00:00+00:00,10.75,89.0,9.340473,0.4,7.8954163,0.0,0.0
2024-10-11 02:15:00+00:00,10.7,90.0,9.453972,0.4,6.989936,0.0,0.0
2024-10-11 02:30:00+00:00,10.65,91.0,9.536154,0.2,6.297428,0.0,0.0
2024-10-11 02:45:00+00:00,10.55,92.0,9.421066,0.3,6.519877,0.0,0.0
2024-10-11 03:00:00+00:00,10.5,92.0,9.194647,0.2,7.6367526,0.0,0.0
2024-10-11 03:15:00+00:00,10.45,91.0,9.026937,0.6,8.049845,0.0,0.0
2024-10-11 03:30:00+00:00,10.4,88.0,8.846334,0.4,7.9526596,0.0,0.0
2024-10-11 03:45:00+00:00,10.4,86.0,8.763459,0.1,7.92,0.0,0.0
2024-10-11 04:00:00+00:00,10.35,85.0,8.70475,0.2,7.5942073,0.0,0.0
2024-10-11 04:15:00+00:00,10.35,85.0,8.8023815,0.1,6.924738,0.0,0.0
2024-10-11 04:30:00+00:00,10.4,87.0,9.13218,0.0,5.6920996,0.0,0.0
2024-10-11 04:45:00+00:00,10.4,88.0,9.301737,0.0,4.829907,0.0,0.0
2024-10-11 05:00:00+00:00,10.4,89.0,9.451325,0.0,4.1046314,0.0,0.0
2024-10-11 05:15:00+00:00,10.45,89.0,9.518971,0.0,4.072935,0.0,0.0
2024-10-11 05:30:00+00:00,10.45,88.0,9.475006,0.0,4.072935,0.0,0.0
2024-10-11 05:45:00+00:00,10.5,87.0,9.493809,0.0,4.072935,1.0,0.0
2024-10-11 06:00:00+00:00,10.5,86.0,9.449697,0.0,4.072935,1.0,5.0
2024-10-11 06:15:00+00:00,10.55,86.0,9.5866,0.0,3.563818,1.0,12.0
2024-10-11 06:30:00+00:00,10.6,85.0,9.672991,0.0,3.096837,1.0,39.0
2024-10-11 06:45:00+00:00,10.65,85.0,9.808614,0.0,2.5959969,1.0,32.0
2024-10-11 07:00:00+00:00,10.7,85.0,9.913654,0.0,2.3051248,1.0,56.0
2024-10-11 07:15:00+00:00,10.85,85.0,10.059323,0.0,2.5959969,1.0,78.0
2024-10-11 07:30:00+00:00,11.0,84.0,10.082666,0.0,3.4152596,1.0,115.0
2024-10-11 07:45:00+00:00,11.15,84.0,10.130339,0.0,4.379589,1.0,160.0
2024-10-11 08:00:00+00:00,11.3,83.0,10.174276,0.0,5.0528407,1.0,174.0
2024-10-11 08:15:00+00:00,11.45,81.0,10.216447,0.0,5.4119864,1.0,171.0
2024-10-11 08:30:00+00:00,11.65,79.0,10.319466,0.0,5.771239,1.0,151.0
2024-10-11 08:45:00+00:00,11.8,77.0,10.410712,0.0,5.771239,1.0,144.0
2024-10-11 09:00:00+00:00,11.9,75.0,10.440036,0.0,5.7599998,1.0,201.0
2024-10-11 09:15:00+00:00,12.0,74.0,10.461262,0.0,6.130579,1.0,154.0
2024-10-11 09:30:00+00:00,12.05,74.0,10.500318,0.0,6.28713,1.0,192.0
2024-10-11 09:45:00+00:00,12.1,74.0,10.49833,0.0,6.725354,1.0,177.0
2024-10-11 10:00:00+00:00,12.2,74.0,10.606936,0.0,6.830519,1.0,257.0
2024-10-11 10:15:00+00:00,12.4,73.0,10.820558,0.0,6.725354,1.0,238.0
2024-10-11 10:30:00+00:00,12.65,72.0,11.05098,0.0,6.924738,1.0,214.0
2024-10-11 10:45:00+00:00,12.9,71.0,11.320648,0.0,6.849467,1.0,388.0
2024-10-11 11:00:00+00:00,13.05,70.0,11.507015,0.0,6.489992,1.0,389.0
2024-10-11 11:15:00+00:00,13.15,69.0,11.67022,0.0,5.8603754,1.0,341.0
2024-10-11 11:30:00+00:00,13.2,67.0,11.716877,0.0,5.2416787,1.0,298.0
2024-10-11 11:45:00+00:00,13.25,66.0,11.832117,0.0,4.510787,1.0,432.0
2024-10-11 12:00:00+00:00,13.25,65.0,11.80488,0.0,4.3349743,1.0,457.0
2024-10-11 12:15:00+00:00,13.25,66.0,11.805424,0.0,4.6938257,1.0,376.0
2024-10-11 12:30:00+00:00,13.25,68.0,11.7656,0.0,5.6920996,1.0,368.0
2024-10-11 12:45:00+00:00,13.2,70.0,11.629549,0.0,6.924738,1.0,312.0
2024-10-11 13:00:00+00:00,13.2,71.0,11.584623,0.0,7.5942073,1.0,266.0
2024-10-11 13:15:00+00:00,13.25,71.0,11.703018,0.0,7.208994,1.0,256.0
2024-10-11 13:30:00+00:00,13.35,69.0,11.82597,0.0,6.489992,1.0,272.0
2024-10-11 13:45:00+00:00,13.45,68.0,12.055342,0.0,5.3999996,1.0,283.0
2024-10-11 14:00:00+00:00,13.5,67.0,12.168467,0.0,4.68,1.0,273.0
2024-10-11 14:15:00+00:00,13.6,67.0,12.344463,0.0,4.32,1.0,291.0
2024-10-11 14:30:00+00:00,13.65,66.0,12.404486,0.0,3.96,1.0,239.0
2024-10-11 14:45:00+00:00,13.7,66.0,12.466141,0.0,3.96,1.0,228.0
2024-10-11 15:00:00+00:00,13.7,66.0,12.466141,0.0,3.96,1.0,196.0
2024-10-11 15:15:00+00:00,13.7,66.0,12.463758,0.0,3.9763298,1.0,150.0
2024-10-11 15:30:00+00:00,13.65,65.0,12.29553,0.0,4.3349743,1.0,127.0
2024-10-11 15:45:00+00:00,13.55,65.0,12.114328,0.0,4.73506,1.0,111.0
2024-10-11 16:00:00+00:00,13.35,66.0,11.89868,0.0,4.896529,1.0,71.0
2024-10-11 16:15:00+00:00,13.0,69.0,11.6351795,0.0,4.829907,1.0,42.0
2024-10-11 16:30:00+00:00,12.55,73.0,11.281125,0.0,4.8433046,1.0,22.0
2024-10-11 16:45:00+00:00,12.1,77.0,10.851083,0.0,5.315336,1.0,3.0
2024-10-11 17:00:00+00:00,11.6,80.0,10.3311405,0.0,5.5887027,0.0,0.0
2024-10-11 17:15:00+00:00,11.2,81.0,9.851593,0.0,5.771239,0.0,0.0
2024-10-11 17:30:00+00:00,10.75,81.0,9.239024,0.0,6.130579,0.0,0.0
2024-10-11 17:45:00+00:00,10.35,81.0,8.720673,0.0,6.28713,0.0,0.0
2024-10-11 18:00:00+00:00,10.0,81.0,8.259325,0.0,6.489992,0.0,0.0
2024-10-11 18:15:00+00:00,9.75,82.0,7.975157,0.0,6.6185193,0.0,0.0
2024-10-11 18:30:00+00:00,9.6,84.0,7.852598,0.0,6.763786,0.0,0.0
2024-10-11 18:45:00+00:00,9.45,86.0,7.772476,0.0,6.6087217,0.0,0.0
2024-10-11 19:00:00+00:00,9.3,88.0,7.668399,0.0,6.6087217,0.0,0.0
2024-10-11 19:15:00+00:00,9.2,89.0,7.5848,0.0,6.6087217,0.0,0.0
2024-10-11 19:30:00+00:00,9.05,90.0,7.4386377,0.0,6.6087217,0.0,0.0
2024-10-11 19:45:00+00:00,8.95,90.0,7.3144207,0.0,6.6087217,0.0,0.0
2024-10-11 20:00:00+00:00,8.85,90.0,7.1903486,0.0,6.6087217,0.0,0.0
2024-10-11 20:15:00+00:00,8.75,90.0,7.1118145,0.0,6.297428,0.0,0.0
2024-10-11 20:30:00+00:00,8.7,90.0,7.021821,0.0,6.489992,0.0,0.0
2024-10-11 20:45:00+00:00,8.6,89.0,6.9024878,0.0,6.193674,0.0,0.0
2024-10-11 21:00:00+00:00,8.45,89.0,6.7267666,0.0,6.1305785,0.0,0.0
2024-10-11 21:15:00+00:00,8.3,89.0,6.545246,0.0,6.1094027,0.0,0.0
2024-10-11 21:30:00+00:00,8.15,89.0,6.360944,0.0,6.1094027,0.0,0.0
2024-10-11 21:45:00+00:00,7.95,89.0,6.1125965,0.0,6.1305785,0.0,0.0
2024-10-11 22:00:00+00:00,7.8,89.0,5.9290066,0.0,6.1305785,0.0,0.0
2024-10-11 22:15:00+00:00,7.7,89.0,5.839759,0.0,5.904439,0.0,0.0
2024-10-11 22:30:00+00:00,7.6,90.0,5.7539434,0.0,5.904439,0.0,0.0
2024-10-11 22:45:00+00:00,7.45,90.0,5.644245,0.0,5.3999996,0.0,0.0
2024-10-11 23:00:00+00:00,7.35,91.0,5.5579004,0.0,5.3999996,0.0,0.0
2024-10-11 23:15:00+00:00,7.25,92.0,5.471202,0.0,5.3999996,0.0,0.0
2024-10-11 23:30:00+00:00,7.15,92.0,5.3903093,0.0,5.1165614,0.0,0.0
2024-10-11 23:45:00+00:00,7.0,93.0,5.24574,0.0,5.0911684,0.0,0.0
2024-10-12 00:00:00+00:00,6.9,93.0,5.1236057,0.0,5.0911684,0.0,0.0
2024-10-12 00:15:00+00:00,6.8,93.0,5.001606,0.0,5.0911684,0.0,0.0
2024-10-12 00:30:00+00:00,6.75,93.0,4.902649,0.0,5.3517847,0.0,0.0
2024-10-12 00:45:00+00:00,6.65,93.0,4.7808485,0.0,5.3517847,0.0,0.0
2024-10-12 01:00:00+00:00,6.55,93.0,4.6591787,0.0,5.3517847,0.0,0.0
2024-10-12 01:15:00+00:00,6.5,93.0,4.5983934,0.0,5.3517847,0.0,0.0
2024-10-12 01:30:00+00:00,6.45,93.0,4.5376396,0.0,5.3517847,0.0,0.0
2024-10-12 01:45:00+00:00,6.4,93.0,4.47692,0.0,5.3517847,0.0,0.0
2024-10-12 02:00:00+00:00,6.3,93.0,4.3935833,0.0,5.0911684,0.0,0.0
2024-10-12 02:15:00+00:00,6.2,94.0,4.3414707,0.0,4.8433046,0.0,0.0
2024-10-12 02:30:00+00:00,6.05,94.0,4.1517897,0.0,4.8965297,0.0,0.0
2024-10-12 02:45:00+00:00,5.95,95.0,4.047785,0.0,5.00128,0.0,0.0
2024-10-12 03:00:00+00:00,5.8,96.0,3.9230623,0.0,4.829907,0.0,0.0
2024-10-12 03:15:00+00:00,5.75,96.0,3.8624258,0.0,4.829907,0.0,0.0
2024-10-12 03:30:00+00:00,5.65,97.0,3.7479815,0.0,5.00128,0.0,0.0
2024-10-12 03:45:00+00:00,5.6,97.0,3.7321687,0.0,4.6938257,0.0,0.0
2024-10-12 04:00:00+00:00,5.5,97.0,3.5814056,0.0,4.8965297,0.0,0.0
2024-10-12 04:15:00+00:00,5.45,98.0,3.5521412,0.0,4.8965297,0.0,0.0
2024-10-12 04:30:00+00:00,5.35,99.0,3.4697495,0.0,4.8433046,0.0,0.0
2024-10-12 04:45:00+00:00,5.25,99.0,3.3484392,0.0,4.8433046,0.0,0.0
2024-10-12 05:00:00+00:00,5.15,100.0,3.2579012,0.0,4.8433046,0.0,0.0
2024-10-12 05:15:00+00:00,5.1,100.0,3.1972523,0.0,4.8433046,0.0,0.0
2024-10-12 05:30:00+00:00,5.0,100.0,3.0399075,0.0,5.0911684,0.0,0.0
2024-10-12 05:45:00+00:00,4.95,100.0,2.9793568,0.0,5.0911684,1.0,0.0
2024-10-12 06:00:00+00:00,4.95,100.0,3.015504,0.0,4.8433046,1.0,8.0
2024-10-12 06:15:00+00:00,5.05,100.0,3.2021084,0.0,4.39436,1.0,27.0
2024-10-12 06:30:00+00:00,5.25,99.0,3.4677863,0.0,4.0249224,1.0,50.0
2024-10-12 06:45:00+00:00,5.45,99.0,3.799448,0.0,3.4152596,1.0,82.0
2024-10-12 07:00:00+00:00,5.65,98.0,4.0336523,0.0,3.2599385,1.0,104.0
2024-10-12 07:15:00+00:00,5.9,98.0,4.337946,0.0,3.2599385,1.0,135.0
2024-10-12 07:30:00+00:00,6.15,98.0,4.6344547,0.0,3.319036,1.0,168.0
2024-10-12 07:45:00+00:00,6.45,97.0,4.9541626,0.0,3.4152596,1.0,180.0
2024-10-12 08:00:00+00:00,6.8,96.0,5.377529,0.0,3.219938,1.0,208.0
2024-10-12 08:15:00+00:00,7.35,94.0,6.0291243,0.0,2.9024127,1.0,225.0
2024-10-12 08:30:00+00:00,7.95,92.0,6.7395163,0.0,2.5959969,1.0,246.0
2024-10-12 08:45:00+00:00,8.6,89.0,7.543232,0.0,1.8,1.0,328.0
2024-10-12 09:00:00+00:00,9.15,86.0,8.142842,0.0,1.5273507,1.0,288.0
2024-10-12 09:15:00+00:00,9.7,83.0,8.731365,0.0,1.2979984,1.0,324.0
2024-10-12 09:30:00+00:00,10.15,80.0,9.112736,0.0,1.609969,1.0,348.0
2024-10-12 09:45:00+00:00,10.65,77.0,9.563057,0.0,1.835647,1.0,341.0
2024-10-12 10:00:00+00:00,11.05,75.0,9.963959,0.0,1.835647,1.0,400.0
2024-10-12 10:15:00+00:00,11.5,73.0,10.423484,0.0,1.835647,1.0,377.0
2024-10-12 10:30:00+00:00,11.9,71.0,10.818735,0.0,1.835647,1.0,399.0
2024-10-12 10:45:00+00:00,12.25,69.0,11.149738,0.0,1.835647,1.0,412.0
2024-10-12 11:00:00+00:00,12.6,68.0,11.53365,0.0,1.8,1.0,463.0
2024-10-12 11:15:00+00:00,12.95,67.0,11.906431,0.0,1.835647,1.0,484.0
2024-10-12 11:30:00+00:00,13.25,66.0,12.192955,0.0,2.0364676,1.0,412.0
2024-10-12 11:45:00+00:00,13.5,66.0,12.41864,0.0,2.5959969,1.0,386.0
2024-10-12 12:00:00+00:00,13.65,66.0,12.582157,0.0,2.7416782,1.0,394.0
2024-10-12 12:15:00+00:00,13.75,67.0,12.727028,0.0,2.968636,1.0,263.0
2024-10-12 12:30:00+00:00,13.7,69.0,12.783718,0.0,2.9024127,1.0,191.0
2024-10-12 12:45:00+00:00,13.65,71.0,12.833347,0.0,2.8799999,1.0,167.0
2024-10-12 13:00:00+00:00,13.6,72.0,12.862738,0.0,2.6208394,1.0,161.0
2024-10-12 13:15:00+00:00,13.65,73.0,12.916416,0.0,3.0547013,1.0,128.0
2024-10-12 13:30:00+00:00,13.7,73.0,12.810287,0.0,4.2136917,1.0,125.0
2024-10-12 13:45:00+00:00,13.75,74.0,12.695801,0.0,5.8048253,1.0,153.0
2024-10-12 14:00:00+00:00,13.75,74.0,12.648294,0.0,6.130579,1.0,94.0
2024-10-12 14:15:00+00:00,13.8,74.0,12.914949,0.0,4.73506,1.0,106.0
2024-10-12 14:30:00+00:00,13.8,74.0,13.234247,0.0,2.5455842,1.0,107.0
2024-10-12 14:45:00+00:00,13.75,74.0,13.142509,0.1,2.7416782,1.0,50.0
2024-10-12 15:00:00+00:00,13.65,75.0,12.838255,0.0,4.3349743,1.0,45.0
2024-10-12 15:15:00+00:00,13.5,78.0,12.80999,0.2,4.3349743,1.0,40.0
2024-10-12 15:30:00+00:00,13.3,81.0,12.80657,0.5,3.7064266,1.0,27.0
2024-10-12 15:45:00+00:00,13.05,85.0,12.813089,0.5,2.9024127,1.0,22.0
2024-10-12 16:00:00+00:00,12.85,87.0,12.597765,0.5,3.319036,1.0,11.0
2024-10-12 16:15:00+00:00,12.7,88.0,12.340437,0.6,4.1046314,1.0,6.0
2024-10-12 16:30:00+00:00,12.55,88.0,11.9807205,0.5,5.2416787,1.0,3.0
2024-10-12 16:45:00+00:00,12.4,87.0,11.533545,0.4,6.638072,0.0,0.0
2024-10-12 17:00:00+00:00,12.25,86.0,11.177099,0.3,7.42159,0.0,0.0
2024-10-12 17:15:00+00:00,12.15,84.0,10.886483,0.2,7.8625183,0.0,0.0
2024-10-12 17:30:00+00:00,12.05,82.0,10.66162,0.1,7.8625183,0.0,0.0
2024-10-12 17:45:00+00:00,11.95,79.0,10.374116,0.1,7.968939,0.0,0.0
2024-10-12 18:00:00+00:00,11.9,78.0,10.245447,0.1,8.089993,0.0,0.0
2024-10-12 18:15:00+00:00,11.9,78.0,10.225754,0.2,8.225035,0.0,0.0
2024-10-12 18:30:00+00:00,11.85,78.0,10.118224,0.1,8.534353,0.0,0.0
2024-10-12 18:45:00+00:00,11.9,79.0,10.157992,0.0,9.021574,0.0,0.0
2024-10-12 19:00:00+00:00,11.9,80.0,10.225384,0.1,8.891343,0.0,0.0
2024-10-12 19:15:00+00:00,12.0,81.0,10.414658,0.0,8.78872,0.0,0.0
2024-10-12 19:30:00+00:00,12.1,83.0,10.690374,0.0,8.435069,0.0,0.0
2024-10-12 19:45:00+00:00,12.2,84.0,10.908771,0.0,8.14587,0.0,0.0
2024-10-12 20:00:00+00:00,12.25,85.0,11.093721,0.0,7.653705,0.0,0.0
2024-10-12 20:15:00+00:00,12.35,85.0,11.295534,0.0,7.145796,0.0,0.0
2024-10-12 20:30:00+00:00,12.4,85.0,11.433508,0.0,6.638072,0.0,0.0
2024-10-12 20:45:00+00:00,12.45,85.0,11.571487,0.0,6.1305785,0.0,0.0
2024-10-12 21:00:00+00:00,12.5,84.0,11.698726,0.0,5.3517847,0.0,0.0
2024-10-12 21:15:00+00:00,12.6,83.0,11.924147,0.0,4.3349743,0.0,0.0
2024-10-12 21:30:00+00:00,12.7,83.0,12.158972,0.0,3.6,0.0,0.0
2024-10-12 21:45:00+00:00,12.85,82.0,12.445635,0.0,2.5959969,0.0,0.0
2024-10-12 22:00:00+00:00,12.95,81.0,12.637566,0.0,1.8,0.0,0.0
2024-10-12 22:15:00+00:00,13.15,80.0,12.840235,0.0,1.8,0.0,0.0
2024-10-12 22:30:00+00:00,13.35,79.0,12.972624,0.0,2.2768397,0.0,0.0
2024-10-12 22:45:00+00:00,13.55,78.0,13.082558,0.0,2.9024127,0.0,0.0
2024-10-12 23:00:00+00:00,13.65,77.0,13.051365,0.0,3.6179552,0.0,0.0
2024-10-12 23:15:00+00:00,13.7,77.0,12.993191,0.0,4.452954,0.0,0.0
2024-10-12 23:30:00+00:00,13.7,77.0,12.890894,0.0,5.154415,0.0,0.0
2024-10-12 23:45:00+00:00,13.65,78.0,12.759481,0.0,5.991594,0.0,0.0
2024-10-13 00:00:00+00:00,13.65,78.0,12.6247635,0.0,6.9153743,0.0,0.0
2024-10-13 00:15:00+00:00,13.7,78.0,12.583336,0.0,7.6367526,0.0,0.0
2024-10-13 00:30:00+00:00,13.75,79.0,12.585354,0.0,8.435069,0.0,0.0
2024-10-13 00:45:00+00:00,13.8,80.0,12.609261,0.0,9.085988,0.0,0.0
2024-10-13 01:00:00+00:00,13.8,80.0,12.520695,0.0,9.693296,0.0,0.0
2024-10-13 01:15:00+00:00,13.85,80.0,12.494261,0.0,10.315115,0.0,0.0
2024-10-13 01:30:00+00:00,13.9,81.0,12.496435,0.0,11.119281,0.0,0.0
2024-10-13 01:45:00+00:00,13.95,81.0,12.489429,0.0,11.609651,0.0,0.0
2024-10-13 02:00:00+00:00,13.95,81.0,12.372204,0.0,12.413477,0.0,0.0
2024-10-13 02:15:00+00:00,14.0,81.0,12.273584,0.0,13.53236,0.0,0.0
2024-10-13 02:30:00+00:00,14.05,80.0,12.118866,0.0,14.654254,0.0,0.0
2024-10-13 02:45:00+00:00,14.1,80.0,12.019363,0.0,15.778518,0.0,0.0
2024-10-13 03:00:00+00:00,14.1,80.0,11.972525,0.0,16.09969,0.0,0.0
2024-10-13 03:15:00+00:00,14.1,80.0,11.995529,0.0,15.941944,0.0,0.0
2024-10-13 03:30:00+00:00,14.1,81.0,12.168777,0.0,15.137133,0.0,0.0
2024-10-13 03:45:00+00:00,14.1,82.0,12.363895,0.0,14.182355,0.0,0.0
2024-10-13 04:00:00+00:00,14.05,82.0,12.416349,0.0,13.37825,0.0,0.0
2024-10-13 04:15:00+00:00,14.05,82.0,12.485382,0.0,12.904882,0.0,0.0
2024-10-13 04:30:00+00:00,14.05,83.0,12.589296,0.0,12.57426,0.0,0.0
2024-10-13 04:45:00+00:00,14.05,83.0,12.589296,0.0,12.57426,0.0,0.0
2024-10-13 05:00:00+00:00,14.05,83.0,12.65823,0.0,12.10157,0.0,0.0
2024-10-13 05:15:00+00:00,14.05,83.0,12.726715,0.0,11.631956,0.0,0.0
2024-10-13 05:30:00+00:00,14.05,83.0,12.762846,0.0,11.384199,0.0,0.0
2024-10-13 05:45:00+00:00,14.05,83.0,12.843674,0.0,10.829959,1.0,0.0
2024-10-13 06:00:00+00:00,14.05,83.0,12.856817,0.0,10.739833,1.0,4.0
2024-10-13 06:15:00+00:00,14.1,83.0,12.933292,0.0,10.661107,1.0,20.0
2024-10-13 06:30:00+00:00,14.15,84.0,13.054388,0.0,10.661107,1.0,29.0
2024-10-13 06:45:00+00:00,14.2,84.0,13.129429,0.0,10.594036,1.0,49.0
2024-10-13 07:00:00+00:00,14.25,84.0,13.254772,0.0,10.182337,1.0,55.0
2024-10-13 07:15:00+00:00,14.3,84.0,13.383661,0.0,9.746631,1.0,68.0
2024-10-13 07:30:00+00:00,14.35,84.0,13.553741,0.0,9.028754,1.0,66.0
2024-10-13 07:45:00+00:00,14.4,84.0,13.700167,0.0,8.473393,1.0,63.0
2024-10-13 08:00:00+00:00,14.45,84.0,13.789289,0.0,8.311245,1.0,101.0
2024-10-13 08:15:00+00:00,14.6,83.0,13.911337,0.0,8.427383,1.0,99.0
2024-10-13 08:30:00+00:00,14.75,83.0,13.991186,0.0,9.227524,1.0,84.0
2024-10-13 08:45:00+00:00,14.9,82.0,14.079996,0.0,9.565437,1.0,138.0
2024-10-13 09:00:00+00:00,15.0,81.0,14.035269,0.0,10.365251,1.0,182.0
2024-10-13 09:15:00+00:00,15.05,81.0,13.983959,0.0,11.165805,1.0,218.0
2024-10-13 09:30:00+00:00,15.05,81.0,13.798965,0.0,12.43434,1.0,204.0
2024-10-13 09:45:00+00:00,15.05,81.0,13.681906,0.0,13.237039,1.0,259.0
2024-10-13 10:00:00+00:00,15.05,80.0,13.505396,0.0,14.039999,1.0,122.0
2024-10-13 10:15:00+00:00,15.1,79.0,13.462528,0.0,14.372974,1.0,184.0
2024-10-13 10:30:00+00:00,15.2,77.0,13.460428,0.0,14.458382,1.0,215.0
2024-10-13 10:45:00+00:00,15.3,75.0,13.435698,0.0,14.689589,1.0,308.0
2024-10-13 11:00:00+00:00,15.35,74.0,13.439672,0.0,14.689589,1.0,207.0
2024-10-13 11:15:00+00:00,15.5,73.0,13.538605,0.0,14.917212,1.0,291.0
2024-10-13 11:30:00+00:00,15.6,72.0,13.547588,0.0,15.315873,1.0,270.0
2024-10-13 11:45:00+00:00,15.75,71.0,13.657274,0.0,15.459054,1.0,268.0
2024-10-13 12:00:00+00:00,15.8,70.0,13.653561,0.0,15.496736,1.0,276.0
2024-10-13 12:15:00+00:00,15.85,70.0,13.834583,0.0,14.693999,1.0,239.0
2024-10-13 12:30:00+00:00,15.85,69.0,13.941456,0.0,13.53236,1.0,274.0
2024-10-13 12:45:00+00:00,15.85,69.0,14.15402,0.0,12.074766,1.0,222.0
2024-10-13 13:00:00+00:00,15.8,69.0,14.207657,0.0,11.269782,1.0,215.0
2024-10-13 13:15:00+00:00,15.8,69.0,14.248411,0.0,10.990322,1.0,222.0
2024-10-13 13:30:00+00:00,15.75,69.0,14.180397,0.0,11.019764,1.0,190.0
2024-10-13 13:45:00+00:00,15.7,69.0,14.016104,0.0,11.709688,1.0,128.0
2024-10-13 14:00:00+00:00,15.65,69.0,13.95085,0.0,11.720751,1.0,122.0
2024-10-13 14:15:00+00:00,15.6,69.0,13.963104,0.0,11.200571,1.0,125.0
2024-10-13 14:30:00+00:00,15.55,68.0,13.970072,0.0,10.296251,1.0,98.0
2024-10-13 14:45:00+00:00,15.55,68.0,14.062887,0.0,9.659814,1.0,113.0
2024-10-13 15:00:00+00:00,15.5,68.0,14.043276,0.0,9.360001,1.0,97.0
2024-10-13 15:15:00+00:00,15.5,68.0,14.062595,0.0,9.227524,1.0,85.0
2024-10-13 15:30:00+00:00,15.5,68.0,14.062595,0.0,9.227524,1.0,71.0
2024-10-13 15:45:00+00:00,15.5,68.0,14.043276,0.0,9.360001,1.0,78.0
2024-10-13 16:00:00+00:00,14.15,75.0,12.840214,0.0,8.669949,1.0,52.0
2024-10-13 16:15:00+00:00,13.9,76.0,12.68243,0.0,7.9526596,1.0,28.0
2024-10-13 16:30:00+00:00,13.6,77.0,12.464115,0.0,7.208994,1.0,11.0
2024-10-13 16:45:00+00:00,13.35,78.0,12.358938,0.0,6.12,0.0,0.0
2024-10-13 17:00:00+00:00,13.1,79.0,12.199184,0.0,5.3999996,0.0,0.0
2024-10-13 17:15:00+00:00,12.95,79.0,12.164179,0.0,4.3349743,0.0,0.0
2024-10-13 17:30:00+00:00,12.8,79.0,12.108326,0.0,3.4152596,0.0,0.0
2024-10-13 17:45:00+00:00,12.7,78.0,12.018875,0.0,2.8116899,0.0,0.0
2024-10-13 18:00:00+00:00,12.55,78.0,11.816736,0.0,2.9024127,0.0,0.0
2024-10-13 18:15:00+00:00,12.4,79.0,11.617424,0.0,3.319036,0.0,0.0
2024-10-13 18:30:00+00:00,12.25,80.0,11.426849,0.0,3.671294,0.0,0.0
2024-10-13 18:45:00+00:00,12.1,81.0,11.242523,0.0,3.9763298,0.0,0.0
2024-10-13 19:00:00+00:00,11.95,82.0,11.156935,0.0,3.6,0.0,0.0
2024-10-13 19:15:00+00:00,11.85,83.0,11.232794,0.0,2.5455842,0.0,0.0
2024-10-13 19:30:00+00:00,11.85,84.0,11.503773,0.0,1.0182338,0.0,0.0
2024-10-13 19:45:00+00:00,11.8,84.0,11.354141,0.0,1.609969,0.0,0.0
2024-10-13 20:00:00+00:00,11.7,85.0,11.11031,0.0,2.7416782,0.0,0.0
2024-10-13 20:15:00+00:00,11.6,86.0,10.982312,0.0,3.0758414,0.0,0.0
2024-10-13 20:30:00+00:00,11.45,87.0,10.839038,0.0,3.0758414,0.0,0.0
2024-10-13 20:45:00+00:00,11.25,87.0,10.634021,0.0,2.7416782,0.0,0.0
2024-10-13 21:00:00+00:00,11.1,88.0,10.51127,0.0,2.5959969,0.0,0.0
2024-10-13 21:15:00+00:00,10.95,89.0,10.335257,0.0,2.8116899,0.0,0.0
2024-10-13 21:30:00+00:00,10.85,89.0,10.166892,0.0,3.096837,0.0,0.0
2024-10-13 21:45:00+00:00,10.7,89.0,9.91157,0.0,3.5455887,0.0,0.0
2024-10-13 22:00:00+00:00,10.5,90.0,9.654674,0.0,3.8773184,0.0,0.0
2024-10-13 22:15:00+00:00,10.3,91.0,9.445599,0.0,3.8773184,0.0,0.0
2024-10-13 22:30:00+00:00,10.05,92.0,9.22117,0.0,3.5455887,0.0,0.0
2024-10-13 22:45:00+00:00,9.8,93.0,9.041698,0.0,2.9024127,0.0,0.0
2024-10-13 23:00:00+00:00,9.55,94.0,8.781216,0.0,2.8116899,0.0,0.0
2024-10-13 23:15:00+00:00,9.3,95.0,8.507078,0.0,2.8116899,0.0,0.0
2024-10-13 23:30:00+00:00,9.05,95.0,8.13297,0.0,3.219938,0.0,0.0
2024-10-13 23:45:00+00:00,8.85,95.0,7.8535137,0.0,3.4152596,0.0,0.0
2024-10-14 00:00:00+00:00,8.65,95.0,7.5658035,0.0,3.671294,0.0,0.0
2024-10-14 00:15:00+00:00,8.5,95.0,7.378418,0.0,3.671294,0.0,0.0
2024-10-14 00:30:00+00:00,8.45,94.0,7.3644304,0.0,3.0758414,0.0,0.0
2024-10-14 00:45:00+00:00,8.35,93.0,7.250581,0.0,2.7416782,0.0,0.0
2024-10-14 01:00:00+00:00,8.25,93.0,7.1478233,0.0,2.5959969,0.0,0.0
2024-10-14 01:15:00+00:00,8.1,93.0,7.004505,0.0,2.3051248,0.0,0.0
2024-10-14 01:30:00+00:00,7.95,93.0,6.819088,0.0,2.3051248,0.0,0.0
2024-10-14 01:45:00+00:00,7.8,93.0,6.6339884,0.0,2.3051248,0.0,0.0
2024-10-14 02:00:00+00:00,7.65,93.0,6.4492025,0.0,2.3051248,0.0,0.0
2024-10-14 02:15:00+00:00,7.5,93.0,6.2647285,0.0,2.3051248,0.0,0.0
2024-10-14 02:30:00+00:00,7.3,92.0,5.920039,0.0,2.7416782,0.0,0.0
2024-10-14 02:45:00+00:00,7.1,92.0,5.591384,0.0,3.319036,0.0,0.0
2024-10-14 03:00:00+00:00,6.95,91.0,5.330099,0.0,3.6179552,0.0,0.0
2024-10-14 03:15:00+00:00,6.85,90.0,5.1740437,0.0,3.6179552,0.0,0.0
2024-10-14 03:30:00+00:00,6.75,88.0,5.0887146,0.0,2.9024127,0.0,0.0
2024-10-14 03:45:00+00:00,6.7,86.0,5.0012274,0.0,2.6208394,0.0,0.0
2024-10-14 04:00:00+00:00,6.6,85.0,4.9101124,0.0,2.1897945,0.0,0.0
2024-10-14 04:15:00+00:00,6.5,84.0,4.7567234,0.0,2.1897945,0.0,0.0
2024-10-14 04:30:00+00:00,6.35,84.0,4.4869823,0.0,2.8116899,0.0,0.0
2024-10-14 04:45:00+00:00,6.25,84.0,4.252801,0.0,3.6,0.0,0.0
2024-10-14 05:00:00+00:00,6.15,84.0,4.1181765,0.0,3.7064266,0.0,0.0
2024-10-14 05:15:00+00:00,6.1,84.0,4.1759214,0.0,2.9024127,0.0,0.0
2024-10-14 05:30:00+00:00,6.1,83.0,4.3316736,0.0,1.609969,0.0,0.0
2024-10-14 05:45:00+00:00,6.15,83.0,4.6258564,0.0,0.0,1.0,0.0
2024-10-14 06:00:00+00:00,6.2,83.0,4.495988,0.0,1.2979984,1.0,2.0
2024-10-14 06:15:00+00:00,6.3,83.0,4.5417128,0.0,1.8,1.0,19.0
2024-10-14 06:30:00+00:00,6.4,84.0,4.659689,0.0,2.0364676,1.0,41.0
2024-10-14 06:45:00+00:00,6.6,84.0,4.859417,0.0,2.3051248,1.0,64.0
2024-10-14 07:00:00+00:00,6.8,84.0,5.0988007,0.0,2.3051248,1.0,82.0
2024-10-14 07:15:00+00:00,7.1,83.0,5.4237165,0.0,2.3051248,1.0,95.0
2024-10-14 07:30:00+00:00,7.45,81.0,5.73734,0.0,2.5455842,1.0,105.0
2024-10-14 07:45:00+00:00,7.85,80.0,6.18087,0.0,2.5455842,1.0,119.0
2024-10-14 08:00:00+00:00,8.2,78.0,6.561445,0.0,2.3051248,1.0,136.0
2024-10-14 08:15:00+00:00,8.5,77.0,6.984831,0.0,1.609969,1.0,155.0
2024-10-14 08:30:00+00:00,8.8,75.0,7.3124905,0.0,1.2979984,1.0,172.0
2024-10-14 08:45:00+00:00,9.1,74.0,7.554284,0.0,1.835647,1.0,186.0
2024-10-14 09:00:00+00:00,9.35,73.0,7.7140856,0.0,2.52,1.0,198.0
2024-10-14 09:15:00+00:00,9.6,72.0,7.969326,0.0,2.5455842,1.0,206.0
2024-10-14 09:30:00+00:00,9.85,71.0,8.199048,0.0,2.7416782,1.0,209.0
2024-10-14 09:45:00+00:00,10.1,71.0,8.520886,0.0,2.5959969,1.0,206.0
2024-10-14 10:00:00+00:00,10.25,71.0,8.708952,0.0,2.5455842,1.0,193.0
2024-10-14 10:15:00+00:00,10.35,72.0,8.865902,0.2,2.5959969,1.0,174.0
2024-10-14 10:30:00+00:00,10.45,73.0,8.986222,0.2,2.9024127,1.0,154.0
2024-10-14 10:45:00+00:00,10.5,75.0,9.158602,0.2,2.7416782,1.0,137.0
2024-10-14 11:00:00+00:00,10.55,77.0,9.375949,0.2,2.2768397,1.0,119.0
2024-10-14 11:15:00+00:00,10.6,79.0,9.6481695,0.5,1.4399999,1.0,103.0
2024-10-14 11:30:00+00:00,10.6,80.0,9.785184,0.5,0.8049845,1.0,89.0
2024-10-14 11:45:00+00:00,10.65,82.0,9.77081,0.5,1.9386592,1.0,80.0
2024-10-14 12:00:00+00:00,10.7,84.0,9.753493,0.5,3.096837,1.0,76.0
2024-10-14 12:15:00+00:00,10.85,86.0,9.884466,0.7,4.1046314,1.0,75.0
2024-10-14 12:30:00+00:00,11.05,88.0,10.080312,0.7,5.1165614,1.0,73.0
2024-10-14 12:45:00+00:00,11.25,90.0,10.311883,0.7,5.904439,1.0,69.0
2024-10-14 13:00:00+00:00,11.45,91.0,10.57229,0.7,6.193674,1.0,64.0
2024-10-14 13:15:00+00:00,11.65,92.0,10.861647,0.6,6.297428,1.0,58.0
2024-10-14 13:30:00+00:00,11.85,92.0,11.145697,0.6,6.12,1.0,53.0
2024-10-14 13:45:00+00:00,12.0,91.0,11.31452,0.6,5.95906,1.0,48.0
2024-10-14 14:00:00+00:00,12.15,91.0,11.597056,0.6,5.3517847,1.0,44.0
2024-10-14 14:15:00+00:00,12.3,91.0,11.871447,0.4,4.802999,1.0,40.0
2024-10-14 14:30:00+00:00,12.4,90.0,12.07177,0.4,3.9763298,1.0,36.0
2024-10-14 14:45:00+00:00,12.45,89.0,12.141262,0.4,3.6,1.0,30.0
2024-10-14 15:00:00+00:00,12.5,89.0,12.307665,0.4,2.9024127,1.0,25.0
2024-10-14 15:15:00+00:00,12.5,89.0,12.359703,0.4,2.5455842,1.0,19.0
2024-10-14 15:30:00+00:00,12.5,90.0,12.51878,0.4,1.8,1.0,14.0
2024-10-14 15:45:00+00:00,12.45,90.0,12.499981,0.4,1.484318,1.0,10.0
2024-10-14 16:00:00+00:00,12.4,91.0,12.512379,0.4,1.2979984,1.0,7.0
2024-10-14 16:15:00+00:00,12.35,92.0,12.463871,0.1,1.5273507,1.0,4.0
2024-10-14 16:30:00+00:00,12.3,92.0,12.359074,0.1,1.8,1.0,2.0
2024-10-14 16:45:00+00:00,12.3,93.0,12.374279,0.1,2.0364676,0.0,0.0
2024-10-14 17:00:00+00:00,12.25,93.0,12.269945,0.1,2.3051248,0.0,0.0
2024-10-14 17:15:00+00:00,12.25,93.0,12.269945,0.0,2.3051248,0.0,0.0
2024-10-14 17:30:00+00:00,12.25,94.0,12.284409,0.0,2.5455842,0.0,0.0
2024-10-14 17:45:00+00:00,12.25,94.0,12.245602,0.0,2.8116899,0.0,0.0
2024-10-14 18:00:00+00:00,12.25,94.0,12.245602,0.0,2.8116899,0.0,0.0
2024-10-14 18:15:00+00:00,12.25,94.0,12.245602,0.0,2.8116899,0.0,0.0
2024-10-14 18:30:00+00:00,12.25,94.0,12.210163,0.0,3.0547013,0.0,0.0
2024-10-14 18:45:00+00:00,12.2,94.0,12.144888,0.0,3.0547013,0.0,0.0
2024-10-14 19:00:00+00:00,12.2,94.0,12.144888,0.0,3.0547013,0.0,0.0
2024-10-14 19:15:00+00:00,12.2,94.0,12.144888,0.0,3.0547013,0.0,0.0
2024-10-14 19:30:00+00:00,12.2,94.0,12.1063385,0.0,3.319036,0.0,0.0
2024-10-14 19:45:00+00:00,12.15,94.0,12.041109,0.0,3.319036,0.0,0.0
2024-10-14 20:00:00+00:00,12.15,94.0,12.041109,0.0,3.319036,0.0,0.0
2024-10-14 20:15:00+00:00,12.15,94.0,12.041109,0.0,3.319036,0.0,0.0
2024-10-14 20:30:00+00:00,12.15,94.0,12.041109,0.0,3.319036,0.0,0.0
2024-10-14 20:45:00+00:00,12.15,94.0,12.041109,0.0,3.319036,0.0,0.0
2024-10-14 21:00:00+00:00,12.15,94.0,12.041109,0.0,3.319036,0.0,0.0
2024-10-14 21:15:00+00:00,12.15,94.0,12.041109,0.0,3.319036,0.0,0.0
2024-10-14 21:30:00+00:00,12.2,94.0,12.1063385,0.0,3.319036,0.0,0.0
2024-10-14 21:45:00+00:00,12.25,93.0,12.160633,0.0,3.0547013,0.0,0.0
2024-10-14 22:00:00+00:00,12.25,93.0,12.160633,0.0,3.0547013,0.0,0.0
2024-10-14 22:15:00+00:00,12.3,93.0,12.225788,0.0,3.0547013,0.0,0.0
2024-10-14 22:30:00+00:00,12.3,93.0,12.261227,0.0,2.8116899,0.0,0.0
2024-10-14 22:45:00+00:00,12.35,92.0,12.315378,0.0,2.5455842,0.0,0.0
2024-10-14 23:00:00+00:00,12.35,92.0,12.350445,0.0,2.3051248,0.0,0.0
2024-10-14 23:15:00+00:00,12.35,92.0,12.350445,0.0,2.3051248,0.0,0.0
2024-10-14 23:30:00+00:00,12.35,91.0,12.330629,0.0,2.0991426,0.0,0.0
2024-10-14 23:45:00+00:00,12.35,91.0,12.330629,0.0,2.0991426,0.0,0.0
2024-10-15 00:00:00+00:00,12.3,91.0,12.289164,0.0,1.9386592,0.0,0.0
2024-10-15 00:15:00+00:00,12.25,91.0,12.239357,0.0,1.835647,0.0,0.0
2024-10-15 00:30:00+00:00,12.2,91.0,12.17457,0.0,1.835647,0.0,0.0
2024-10-15 00:45:00+00:00,12.1,92.0,12.151867,0.0,1.4399999,0.0,0.0
2024-10-15 01:00:00+00:00,12.0,92.0,12.015806,0.0,1.484318,0.0,0.0
2024-10-15 01:15:00+00:00,11.9,92.0,11.868057,0.0,1.609969,0.0,0.0
2024-10-15 01:30:00+00:00,11.8,93.0,11.759171,0.0,1.8,0.0,0.0
2024-10-15 01:45:00+00:00,11.65,93.0,11.530644,0.0,2.0364676,0.0,0.0
2024-10-15 02:00:00+00:00,11.55,93.0,11.362318,0.0,2.3051248,0.0,0.0
2024-10-15 02:15:00+00:00,11.45,93.0,11.190919,0.0,2.5959969,0.0,0.0
2024-10-15 02:30:00+00:00,11.35,94.0,11.108782,0.0,2.5959969,0.0,0.0
2024-10-15 02:45:00+00:00,11.3,94.0,11.023039,0.0,2.7416782,0.0,0.0
2024-10-15 03:00:00+00:00,11.2,94.0,10.89417,0.0,2.7416782,0.0,0.0
2024-10-15 03:15:00+00:00,11.1,94.0,10.76547,0.0,2.7416782,0.0,0.0
2024-10-15 03:30:00+00:00,11.05,95.0,10.746937,0.0,2.7416782,0.0,0.0
2024-10-15 03:45:00+00:00,10.95,95.0,10.635805,0.0,2.6208394,0.0,0.0
2024-10-15 04:00:00+00:00,10.9,95.0,10.57149,0.0,2.6208394,0.0,0.0
2024-10-15 04:15:00+00:00,10.85,95.0,10.507219,0.0,2.6208394,0.0,0.0
2024-10-15 04:30:00+00:00,10.75,95.0,10.3787985,0.0,2.6208394,0.0,0.0
2024-10-15 04:45:00+00:00,10.7,95.0,10.325625,0.0,2.5455842,0.0,0.0
2024-10-15 05:00:00+00:00,10.65,95.0,10.2615185,0.0,2.5455842,0.0,0.0
2024-10-15 05:15:00+00:00,10.65,95.0,10.2615185,0.0,2.5455842,0.0,0.0
2024-10-15 05:30:00+00:00,10.6,95.0,10.197454,0.0,2.5455842,0.0,0.0
2024-10-15 05:45:00+00:00,10.6,95.0,10.253686,0.0,2.16,0.0,0.0
2024-10-15 06:00:00+00:00,10.65,95.0,10.31775,0.0,2.16,1.0,2.0
2024-10-15 06:15:00+00:00,10.7,95.0,10.381857,0.0,2.16,1.0,13.0
2024-10-15 06:30:00+00:00,10.8,95.0,10.505848,0.0,2.1897945,1.0,24.0
2024-10-15 06:45:00+00:00,10.9,94.0,10.589049,0.0,2.1897945,1.0,34.0
2024-10-15 07:00:00+00:00,11.0,94.0,10.717418,0.0,2.1897945,1.0,45.0
2024-10-15 07:15:00+00:00,11.15,94.0,10.910281,0.0,2.1897945,1.0,54.0
2024-10-15 07:30:00+00:00,11.3,93.0,11.057002,0.0,2.1897945,1.0,64.0
2024-10-15 07:45:00+00:00,11.5,93.0,11.314626,0.0,2.1897945,1.0,73.0
2024-10-15 08:00:00+00:00,11.65,92.0,11.460676,0.0,2.1897945,1.0,82.0
2024-10-15 08:15:00+00:00,11.85,92.0,11.718851,0.0,2.1897945,1.0,91.0
2024-10-15 08:30:00+00:00,12.0,91.0,11.864204,0.0,2.1897945,1.0,100.0
2024-10-15 08:45:00+00:00,12.2,91.0,12.122923,0.0,2.1897945,1.0,110.0
2024-10-15 09:00:00+00:00,12.4,90.0,12.332306,0.0,2.1897945,1.0,121.0
2024-10-15 09:15:00+00:00,12.6,90.0,12.591734,0.0,2.1897945,1.0,131.0
2024-10-15 09:30:00+00:00,12.85,89.0,12.865475,0.0,2.1897945,1.0,142.0
2024-10-15 09:45:00+00:00,13.1,89.0,13.142815,0.0,2.52,1.0,153.0
2024-10-15 10:00:00+00:00,13.35,88.0,13.416174,0.0,2.52,1.0,165.0
2024-10-15 10:15:00+00:00,13.6,87.0,13.68889,0.0,2.52,1.0,177.0
2024-10-15 10:30:00+00:00,13.9,87.0,14.02569,0.0,2.9024127,1.0,187.0
2024-10-15 10:45:00+00:00,14.2,86.0,14.302853,0.0,3.319036,1.0,196.0
2024-10-15 11:00:00+00:00,14.45,86.0,14.6316395,0.0,3.319036,1.0,203.0
2024-10-15 11:15:00+00:00,14.7,86.0,14.96155,0.0,3.319036,1.0,209.0
2024-10-15 11:30:00+00:00,14.9,85.0,15.103363,0.0,3.7585104,1.0,214.0
2024-10-15 11:45:00+00:00,15.1,85.0,15.368084,0.0,3.7585104,1.0,217.0
2024-10-15 12:00:00+00:00,15.25,85.0,15.567102,0.0,3.7585104,1.0,218.0
2024-10-15 12:15:00+00:00,15.4,85.0,15.766539,0.1,3.7585104,1.0,218.0
2024-10-15 12:30:00+00:00,15.5,85.0,15.882402,0.1,3.8773184,1.0,217.0
2024-10-15 12:45:00+00:00,15.6,85.0,16.064157,0.1,3.5455887,1.0,213.0
2024-10-15 13:00:00+00:00,15.7,85.0,16.19772,0.1,3.5455887,1.0,208.0
2024-10-15 13:15:00+00:00,15.8,85.0,16.378963,0.1,3.219938,1.0,202.0
2024-10-15 13:30:00+00:00,15.85,85.0,16.420202,0.1,3.396233,1.0,192.0
2024-10-15 13:45:00+00:00,15.9,85.0,16.530857,0.1,3.096837,1.0,182.0
2024-10-15 14:00:00+00:00,15.9,85.0,16.572441,0.1,2.8116899,1.0,170.0
2024-10-15 14:15:00+00:00,15.9,85.0,16.572441,0.1,2.8116899,1.0,155.0
2024-10-15 14:30:00+00:00,15.9,85.0,16.572441,0.1,2.8116899,1.0,139.0
2024-10-15 14:45:00+00:00,15.9,86.0,16.635176,0.1,2.8116899,1.0,121.0
2024-10-15 15:00:00+00:00,15.85,86.0,16.567982,0.1,2.8116899,1.0,103.0
2024-10-15 15:15:00+00:00,15.75,86.0,16.433737,0.2,2.8116899,1.0,84.0
2024-10-15 15:30:00+00:00,15.65,87.0,16.361423,0.2,2.8116899,1.0,65.0
2024-10-15 15:45:00+00:00,15.55,87.0,16.265974,0.2,2.5455842,1.0,48.0
2024-10-15 16:00:00+00:00,15.4,88.0,16.125706,0.2,2.5455842,1.0,32.0
2024-10-15 16:15:00+00:00,15.25,89.0,15.984705,0.2,2.5455842,1.0,17.0
2024-10-15 16:30:00+00:00,15.1,90.0,15.842979,0.2,2.5455842,1.0,6.0
2024-10-15 16:45:00+00:00,14.9,90.0,15.567102,0.2,2.5959969,0.0,0.0
2024-10-15 17:00:00+00:00,14.75,91.0,15.424488,0.2,2.5959969,0.0,0.0
2024-10-15 17:15:00+00:00,14.6,92.0,15.281183,0.2,2.5959969,0.0,0.0
2024-10-15 17:30:00+00:00,14.45,92.0,15.05879,0.2,2.7416782,0.0,0.0
2024-10-15 17:45:00+00:00,14.3,93.0,14.914684,0.2,2.7416782,0.0,0.0
2024-10-15 18:00:00+00:00,14.2,93.0,14.780748,0.2,2.7416782,0.0,0.0
2024-10-15 18:15:00+00:00,14.1,93.0,14.647007,0.0,2.7416782,0.0,0.0
2024-10-15 18:30:00+00:00,14.05,94.0,14.635906,0.0,2.7416782,0.0,0.0
2024-10-15 18:45:00+00:00,14.0,94.0,14.5902195,0.0,2.5959969,0.0,0.0
2024-10-15 19:00:00+00:00,13.95,94.0,14.523336,0.0,2.5959969,0.0,0.0
2024-10-15 19:15:00+00:00,13.9,94.0,14.425043,0.0,2.8116899,0.0,0.0
2024-10-15 19:30:00+00:00,13.9,94.0,14.389605,0.0,3.0547013,0.0,0.0
2024-10-15 19:45:00+00:00,13.85,94.0,14.358257,0.0,2.8116899,0.0,0.0
2024-10-15 20:00:00+00:00,13.85,94.0,14.316673,0.0,3.096837,0.0,0.0
2024-10-15 20:15:00+00:00,13.85,94.0,14.316673,0.0,3.096837,0.0,0.0
2024-10-15 20:30:00+00:00,13.8,94.0,14.231979,0.0,3.219938,0.0,0.0
2024-10-15 20:45:00+00:00,13.8,94.0,14.231979,0.0,3.219938,0.0,0.0
2024-10-15 21:00:00+00:00,13.75,94.0,14.165285,0.0,3.219938,0.0,0.0
2024-10-15 21:15:00+00:00,13.75,94.0,14.165285,0.0,3.219938,0.0,0.0
2024-10-15 21:30:00+00:00,13.7,94.0,14.09864,0.0,3.219938,0.0,0.0
2024-10-15 21:45:00+00:00,13.65,94.0,14.006332,0.0,3.396233,0.0,0.0
2024-10-15 22:00:00+00:00,13.65,94.0,14.006332,0.0,3.396233,0.0,0.0
2024-10-15 22:15:00+00:00,13.65,94.0,14.006332,0.0,3.396233,0.0,0.0
2024-10-15 22:30:00+00:00,13.65,94.0,13.976616,0.0,3.6,0.0,0.0
2024-10-15 22:45:00+00:00,13.6,94.0,13.876982,0.0,3.8268526,0.0,0.0
2024-10-15 23:00:00+00:00,13.6,94.0,13.876982,0.0,3.8268526,0.0,0.0
2024-10-15 23:15:00+00:00,13.6,94.0,13.876982,0.0,3.8268526,0.0,0.0
2024-10-15 23:30:00+00:00,13.55,94.0,13.810478,0.0,3.8268526,0.0,0.0
2024-10-15 23:45:00+00:00,13.5,94.0,13.744022,0.0,3.8268526,0.0,0.0
2024-10-16 00:00:00+00:00,13.45,94.0,13.710695,0.0,3.6,0.0,0.0
2024-10-16 00:15:00+00:00,13.4,94.0,13.674047,0.0,3.396233,0.0,0.0
2024-10-16 00:30:00+00:00,13.3,94.0,13.567171,0.0,3.219938,0.0,0.0
2024-10-16 00:45:00+00:00,13.25,95.0,13.590473,0.0,2.968636,0.0,0.0
2024-10-16 01:00:00+00:00,13.15,95.0,13.467478,0.0,2.9024127,0.0,0.0
2024-10-16 01:15:00+00:00,13.05,95.0,13.335014,0.0,2.9024127,0.0,0.0
2024-10-16 01:30:00+00:00,13.0,96.0,13.295582,0.0,3.0758414,0.0,0.0
2024-10-16 01:45:00+00:00,12.9,97.0,13.1937275,0.0,3.219938,0.0,0.0
2024-10-16 02:00:00+00:00,12.8,97.0,13.005625,0.0,3.6,0.0,0.0
2024-10-16 02:15:00+00:00,12.75,97.0,12.906273,0.0,3.8268526,0.0,0.0
2024-10-16 02:30:00+00:00,12.65,98.0,12.788836,0.0,4.072935,0.0,0.0
2024-10-16 02:45:00+00:00,12.6,98.0,12.7179165,0.0,4.1046314,0.0,0.0
2024-10-16 03:00:00+00:00,12.55,98.0,12.65167,0.0,4.1046314,0.0,0.0
2024-10-16 03:15:00+00:00,12.5,98.0,12.585468,0.0,4.1046314,0.0,0.0
2024-10-16 03:30:00+00:00,12.45,98.0,12.592907,0.0,3.6,0.0,0.0
2024-10-16 03:45:00+00:00,12.45,98.0,12.633881,0.0,3.319036,0.0,0.0
2024-10-16 04:00:00+00:00,12.4,98.0,12.64176,0.0,2.8116899,0.0,0.0
2024-10-16 04:15:00+00:00,12.35,98.0,12.649572,0.0,2.3051248,0.0,0.0
2024-10-16 04:30:00+00:00,12.35,98.0,12.723236,0.0,1.8,0.0,0.0
2024-10-16 04:45:00+00:00,12.3,98.0,12.753702,0.0,1.1384199,0.0,0.0
2024-10-16 05:00:00+00:00,12.3,98.0,12.762222,0.0,1.08,0.0,0.0
2024-10-16 05:15:00+00:00,12.3,98.0,12.753702,0.0,1.1384199,0.0,0.0
2024-10-16 05:30:00+00:00,12.35,98.0,12.796446,0.0,1.2979984,0.0,0.0
2024-10-16 05:45:00+00:00,12.35,97.0,12.713144,0.0,1.5273507,0.0,0.0
2024-10-16 06:00:00+00:00,12.4,97.0,12.739279,0.0,1.8,1.0,1.0
2024-10-16 06:15:00+00:00,12.45,97.0,12.805222,0.0,1.8,1.0,11.0
2024-10-16 06:30:00+00:00,12.55,96.0,12.813072,0.0,2.3051248,1.0,24.0
2024-10-16 06:45:00+00:00,12.65,96.0,12.94495,0.0,2.3051248,1.0,36.0
2024-10-16 07:00:00+00:00,12.75,95.0,12.990767,0.0,2.5455842,1.0,48.0
2024-10-16 07:15:00+00:00,12.85,95.0,13.083872,0.0,2.8116899,1.0,58.0
2024-10-16 07:30:00+00:00,12.95,94.0,13.122528,0.0,3.096837,1.0,68.0
2024-10-16 07:45:00+00:00,13.1,94.0,13.276846,0.0,3.396233,1.0,77.0
2024-10-16 08:00:00+00:00,13.2,93.0,13.311119,0.0,3.7064266,1.0,87.0
2024-10-16 08:15:00+00:00,13.35,93.0,13.462826,0.0,4.0249224,1.0,96.0
2024-10-16 08:30:00+00:00,13.45,92.0,13.494192,0.0,4.3498964,1.0,107.0
2024-10-16 08:45:00+00:00,13.6,92.0,13.6925125,0.0,4.3498964,1.0,116.0
2024-10-16 09:00:00+00:00,13.75,91.0,13.788481,0.0,4.6800003,1.0,128.0
2024-10-16 09:15:00+00:00,13.9,90.0,13.931938,0.0,4.6800003,1.0,140.0
2024-10-16 09:30:00+00:00,14.05,90.0,14.081696,0.0,5.0142193,1.0,151.0
2024-10-16 09:45:00+00:00,14.2,89.0,14.224365,0.0,5.0142193,1.0,164.0
2024-10-16 10:00:00+00:00,14.35,88.0,14.366358,0.0,5.0142193,1.0,175.0
2024-10-16 10:15:00+00:00,14.5,87.0,14.507658,0.0,5.0142193,1.0,187.0
2024-10-16 10:30:00+00:00,14.65,87.0,14.637747,0.0,5.4833565,1.0,198.0
2024-10-16 10:45:00+00:00,14.8,86.0,14.778202,0.0,5.4833565,1.0,207.0
2024-10-16 11:00:00+00:00,14.95,86.0,14.976967,0.0,5.4833565,1.0,215.0
2024-10-16 11:15:00+00:00,15.1,85.0,15.116545,0.0,5.4833565,1.0,223.0
2024-10-16 11:30:00+00:00,15.25,85.0,15.315563,0.0,5.4833565,1.0,227.0
2024-10-16 11:45:00+00:00,15.35,84.0,15.387909,0.0,5.4833565,1.0,228.0
2024-10-16 12:00:00+00:00,15.4,84.0,15.454239,0.0,5.4833565,1.0,226.0
2024-10-16 12:15:00+00:00,15.45,84.0,15.520617,0.0,5.4833565,1.0,222.0
2024-10-16 12:30:00+00:00,15.45,84.0,15.520617,0.0,5.4833565,1.0,215.0
2024-10-16 12:45:00+00:00,15.4,84.0,15.454239,0.0,5.4833565,1.0,268.0
2024-10-16 13:00:00+00:00,15.85,86.0,16.295519,0.0,4.6800003,1.0,266.0
2024-10-16 13:15:00+00:00,15.95,86.0,16.44838,0.0,4.5536795,1.0,261.0
2024-10-16 13:30:00+00:00,16.05,85.0,16.569254,0.0,4.2136917,1.0,254.0
2024-10-16 13:45:00+00:00,16.15,85.0,16.719576,0.0,4.1046314,1.0,245.0
2024-10-16 14:00:00+00:00,16.2,85.0,16.837336,0.0,3.7585104,1.0,233.0
2024-10-16 14:15:00+00:00,16.25,85.0,16.904665,0.0,3.7585104,1.0,217.0
2024-10-16 14:30:00+00:00,16.25,85.0,16.968756,0.0,3.319036,1.0,199.0
2024-10-16 14:45:00+00:00,16.25,85.0,16.968756,0.0,3.319036,1.0,179.0
2024-10-16 15:00:00+00:00,16.2,85.0,16.952526,0.0,2.968636,1.0,157.0
2024-10-16 15:15:00+00:00,16.1,86.0,16.932272,0.0,2.6208394,1.0,133.0
2024-10-16 15:30:00+00:00,15.9,86.0,16.663008,0.0,2.6208394,1.0,109.0
2024-10-16 15:45:00+00:00,15.7,87.0,16.506622,0.0,2.2768397,1.0,85.0
2024-10-16 16:00:00+00:00,15.5,88.0,16.29926,0.0,2.2768397,1.0,59.0
2024-10-16 16:15:00+00:00,15.25,89.0,16.023897,0.0,2.2768397,1.0,35.0
2024-10-16 16:30:00+00:00,15.0,90.0,15.7737255,0.0,2.0991426,1.0,12.0
2024-10-16 16:45:00+00:00,14.7,91.0,15.399851,0.0,2.3051248,0.0,0.0
2024-10-16 17:00:00+00:00,14.45,92.0,15.122454,0.0,2.3051248,0.0,0.0
2024-10-16 17:15:00+00:00,14.2,93.0,14.844412,0.0,2.3051248,0.0,0.0
2024-10-16 17:30:00+00:00,13.95,94.0,14.565754,0.0,2.3051248,0.0,0.0
2024-10-16 17:45:00+00:00,13.75,95.0,14.353321,0.0,2.3051248,0.0,0.0
2024-10-16 18:00:00+00:00,13.55,96.0,14.140238,0.0,2.3051248,0.0,0.0
2024-10-16 18:15:00+00:00,13.4,97.0,13.993359,0.0,2.3051248,0.0,0.0
2024-10-16 18:30:00+00:00,13.25,97.0,13.750574,0.0,2.5959969,0.0,0.0
2024-10-16 18:45:00+00:00,13.15,98.0,13.669769,0.0,2.5959969,0.0,0.0
2024-10-16 19:00:00+00:00,13.05,98.0,13.53628,0.0,2.5959969,0.0,0.0
2024-10-16 19:15:00+00:00,12.95,98.0,13.402981,0.0,2.5959969,0.0,0.0
2024-10-16 19:30:00+00:00,12.85,99.0,13.321386,0.0,2.5959969,0.0,0.0
2024-10-16 19:45:00+00:00,12.8,99.0,13.254736,0.0,2.5959969,0.0,0.0
2024-10-16 20:00:00+00:00,12.7,99.0,13.121576,0.0,2.5959969,0.0,0.0
2024-10-16 20:15:00+00:00,12.65,99.0,13.055067,0.0,2.5959969,0.0,0.0
2024-10-16 20:30:00+00:00,12.6,100.0,13.00783,0.0,2.8116899,0.0,0.0
2024-10-16 20:45:00+00:00,12.55,100.0,12.94125,0.0,2.8116899,0.0,0.0
2024-10-16 21:00:00+00:00,12.5,100.0,12.874718,0.0,2.8116899,0.0,0.0
2024-10-16 21:15:00+00:00,12.45,100.0,12.808233,0.0,2.8116899,0.0,0.0
2024-10-16 21:30:00+00:00,12.45,100.0,12.808233,0.0,2.8116899,0.0,0.0
2024-10-16 21:45:00+00:00,12.4,100.0,12.780603,0.0,2.5455842,0.0,0.0
2024-10-16 22:00:00+00:00,12.4,100.0,12.780603,0.0,2.5455842,0.0,0.0
2024-10-16 22:15:00+00:00,12.4,100.0,12.780603,0.0,2.5455842,0.0,0.0
2024-10-16 22:30:00+00:00,12.45,100.0,12.839689,0.0,2.5959969,0.0,0.0
2024-10-16 22:45:00+00:00,12.45,100.0,12.839689,0.0,2.5959969,0.0,0.0
2024-10-16 23:00:00+00:00,12.45,100.0,12.839689,0.0,2.5959969,0.0,0.0
2024-10-16 23:15:00+00:00,12.45,100.0,12.839689,0.0,2.5959969,0.0,0.0
2024-10-16 23:30:00+00:00,12.45,100.0,12.839689,0.0,2.5959969,0.0,0.0
2024-10-16 23:45:00+00:00,12.45,100.0,12.839689,0.0,2.5959969,0.0,0.0
2024-10-17 00:00:00+00:00,12.45,100.0,12.839689,0.0,2.5959969,0.0,0.0
2024-10-17 00:15:00+00:00,12.45,100.0,12.839689,0.0,2.5959969,0.0,0.0
2024-10-17 00:30:00+00:00,12.45,100.0,12.795002,0.0,2.9024127,0.0,0.0
2024-10-17 00:45:00+00:00,12.45,100.0,12.766649,0.0,3.096837,0.0,0.0
2024-10-17 01:00:00+00:00,12.45,100.0,12.766649,0.0,3.096837,0.0,0.0
2024-10-17 01:15:00+00:00,12.45,100.0,12.766649,0.0,3.096837,0.0,0.0
2024-10-17 01:30:00+00:00,12.45,100.0,12.734245,0.0,3.319036,0.0,0.0
2024-10-17 01:45:00+00:00,12.4,100.0,12.667809,0.0,3.319036,0.0,0.0
2024-10-17 02:00:00+00:00,12.4,100.0,12.667809,0.0,3.319036,0.0,0.0
2024-10-17 02:15:00+00:00,12.4,100.0,12.667809,0.0,3.319036,0.0,0.0
2024-10-17 02:30:00+00:00,12.35,100.0,12.527363,0.0,3.8268526,0.0,0.0
2024-10-17 02:45:00+00:00,12.35,100.0,12.527363,0.0,3.8268526,0.0,0.0
2024-10-17 03:00:00+00:00,12.3,100.0,12.461021,0.0,3.8268526,0.0,0.0
2024-10-17 03:15:00+00:00,12.25,100.0,12.394726,0.0,3.8268526,0.0,0.0
2024-10-17 03:30:00+00:00,12.2,100.0,12.328476,0.0,3.8268526,0.0,0.0
2024-10-17 03:45:00+00:00,12.1,100.0,12.160234,0.0,4.072935,0.0,0.0
2024-10-17 04:00:00+00:00,12.0,100.0,12.028063,0.0,4.072935,0.0,0.0
2024-10-17 04:15:00+00:00,11.9,100.0,11.857864,0.0,4.3349743,0.0,0.0
2024-10-17 04:30:00+00:00,11.8,100.0,11.726066,0.0,4.3349743,0.0,0.0
2024-10-17 04:45:00+00:00,11.7,100.0,11.554303,0.0,4.6102495,0.0,0.0
2024-10-17 05:00:00+00:00,11.6,100.0,11.422872,0.0,4.6102495,0.0,0.0
2024-10-17 05:15:00+00:00,11.55,100.0,11.357223,0.0,4.6102495,0.0,0.0
2024-10-17 05:30:00+00:00,11.5,100.0,11.291619,0.0,4.6102495,0.0,0.0
2024-10-17 05:45:00+00:00,11.45,100.0,11.22606,0.0,4.6102495,0.0,0.0
2024-10-17 06:00:00+00:00,11.4,100.0,11.200692,0.0,4.3349743,1.0,1.0
2024-10-17 06:15:00+00:00,11.4,100.0,11.238907,0.0,4.072935,1.0,14.0
2024-10-17 06:30:00+00:00,11.45,100.0,11.340305,0.0,3.8268526,1.0,28.0
2024-10-17 06:45:00+00:00,11.45,99.0,11.283532,0.0,3.8939953,1.0,40.0
2024-10-17 07:00:00+00:00,11.5,99.0,11.376288,0.0,3.7064266,1.0,54.0
2024-10-17 07:15:00+00:00,11.55,99.0,11.465189,0.0,3.5455887,1.0,66.0
2024-10-17 07:30:00+00:00,11.6,99.0,11.51235,0.0,3.671294,1.0,78.0
2024-10-17 07:45:00+00:00,11.7,99.0,11.653866,0.0,3.6,1.0,89.0
2024-10-17 08:00:00+00:00,11.75,99.0,11.716875,0.0,3.6179552,1.0,100.0
2024-10-17 08:15:00+00:00,11.85,99.0,11.840488,0.0,3.671294,1.0,111.0
2024-10-17 08:30:00+00:00,11.95,98.0,11.893454,0.0,3.8773184,1.0,122.0
2024-10-17 08:45:00+00:00,12.05,98.0,12.049812,0.0,3.7064266,1.0,133.0
2024-10-17 09:00:00+00:00,12.2,97.0,12.170588,0.0,3.8939953,1.0,146.0
2024-10-17 09:15:00+00:00,12.4,96.0,12.393679,0.0,3.8268526,1.0,159.0
2024-10-17 09:30:00+00:00,12.6,96.0,12.65707,0.0,3.8268526,1.0,172.0
2024-10-17 09:45:00+00:00,12.8,95.0,12.869848,0.0,3.8268526,1.0,184.0
2024-10-17 10:00:00+00:00,13.0,94.0,13.115099,0.0,3.6,1.0,197.0
2024-10-17 10:15:00+00:00,13.25,93.0,13.422361,0.0,3.396233,1.0,209.0
2024-10-17 10:30:00+00:00,13.5,92.0,13.677549,0.0,3.5455887,1.0,220.0
2024-10-17 10:45:00+00:00,13.75,91.0,13.986956,0.0,3.319036,1.0,227.0
2024-10-17 11:00:00+00:00,13.95,90.0,14.205151,0.0,3.2599385,1.0,233.0
2024-10-17 11:15:00+00:00,14.15,89.0,14.416937,0.0,3.2399998,1.0,237.0
2024-10-17 11:30:00+00:00,14.35,88.0,14.62219,0.0,3.2599385,1.0,236.0
2024-10-17 11:45:00+00:00,14.5,88.0,14.872974,0.0,2.9024127,1.0,232.0
2024-10-17 12:00:00+00:00,14.6,87.0,14.938265,0.0,2.968636,1.0,224.0
2024-10-17 12:15:00+00:00,14.7,87.0,15.121456,0.1,2.6208394,1.0,212.0
2024-10-17 12:30:00+00:00,14.75,87.0,15.170141,0.1,2.7416782,1.0,198.0
2024-10-17 12:45:00+00:00,14.75,87.0,15.217789,0.1,2.4149535,1.0,183.0
2024-10-17 13:00:00+00:00,14.75,87.0,15.263844,0.1,2.0991426,1.0,166.0
2024-10-17 13:15:00+00:00,14.75,87.0,15.307468,0.1,1.8,1.0,147.0
2024-10-17 13:30:00+00:00,14.7,87.0,15.280924,0.1,1.5273507,1.0,129.0
2024-10-17 13:45:00+00:00,14.65,88.0,15.377911,0.1,0.8049845,1.0,112.0
2024-10-17 14:00:00+00:00,14.6,88.0,15.323906,0.1,0.71999997,1.0,96.0
2024-10-17 14:15:00+00:00,14.55,88.0,15.245157,0.1,0.8049845,1.0,82.0
2024-10-17 14:30:00+00:00,14.5,89.0,15.205095,0.1,1.0182338,1.0,70.0
2024-10-17 14:45:00+00:00,14.4,89.0,15.054722,0.1,1.1384199,1.0,58.0
2024-10-17 15:00:00+00:00,14.35,89.0,14.937925,0.1,1.484318,1.0,48.0
2024-10-17 15:15:00+00:00,14.3,89.0,14.825581,0.1,1.8,1.0,39.0
2024-10-17 15:30:00+00:00,14.25,90.0,14.815744,0.1,1.8,1.0,31.0
2024-10-17 15:45:00+00:00,14.2,90.0,14.692503,0.1,2.1897945,1.0,23.0
2024-10-17 16:00:00+00:00,14.1,90.0,14.547157,0.1,2.2768397,1.0,16.0
2024-10-17 16:15:00+00:00,14.05,90.0,14.460756,0.1,2.4149535,1.0,9.0
2024-10-17 16:30:00+00:00,13.95,91.0,14.357317,0.1,2.5959969,1.0,3.0
2024-10-17 16:45:00+00:00,13.85,91.0,14.19331,0.1,2.8116899,0.0,0.0
2024-10-17 17:00:00+00:00,13.75,91.0,14.025505,0.1,3.0547013,0.0,0.0
2024-10-17 17:15:00+00:00,13.7,91.0,13.920841,0.1,3.319036,0.0,0.0
2024-10-17 17:30:00+00:00,13.6,92.0,13.842846,0.1,3.319036,0.0,0.0
2024-10-17 17:45:00+00:00,13.55,92.0,13.73572,0.1,3.6,0.0,0.0
2024-10-17 18:00:00+00:00,13.45,92.0,13.603552,0.1,3.6,0.0,0.0
2024-10-17 18:15:00+00:00,13.4,92.0,13.537539,0.0,3.6,0.0,0.0
2024-10-17 18:30:00+00:00,13.35,92.0,13.471569,0.0,3.6,0.0,0.0
2024-10-17 18:45:00+00:00,13.25,93.0,13.392645,0.0,3.6,0.0,0.0
2024-10-17 19:00:00+00:00,13.2,93.0,13.326639,0.0,3.6,0.0,0.0
2024-10-17 19:15:00+00:00,13.15,93.0,13.260679,0.0,3.6,0.0,0.0
2024-10-17 19:30:00+00:00,13.1,94.0,13.247129,0.0,3.6,0.0,0.0
2024-10-17 19:45:00+00:00,13.05,95.0,13.306662,0.0,3.096837,0.0,0.0
2024-10-17 20:00:00+00:00,13.0,95.0,13.240498,0.0,3.096837,0.0,0.0
2024-10-17 20:15:00+00:00,12.95,95.0,13.174381,0.0,3.096837,0.0,0.0
2024-10-17 20:30:00+00:00,12.9,96.0,13.201578,0.0,2.8116899,0.0,0.0
2024-10-17 20:45:00+00:00,12.85,96.0,13.166843,0.0,2.5959969,0.0,0.0
2024-10-17 21:00:00+00:00,12.75,96.0,13.0345955,0.0,2.5959969,0.0,0.0
2024-10-17 21:15:00+00:00,12.7,96.0,12.994942,0.0,2.4149535,0.0,0.0
2024-10-17 21:30:00+00:00,12.6,97.0,12.933792,0.0,2.2768397,0.0,0.0
2024-10-17 21:45:00+00:00,12.5,97.0,12.814367,0.0,2.1897945,0.0,0.0
2024-10-17 22:00:00+00:00,12.4,97.0,12.686779,0.0,2.16,0.0,0.0
2024-10-17 22:15:00+00:00,12.3,97.0,12.550684,0.0,2.1897945,0.0,0.0
2024-10-17 22:30:00+00:00,12.25,97.0,12.472183,0.0,2.2768397,0.0,0.0
2024-10-17 22:45:00+00:00,12.15,97.0,12.320566,0.0,2.4149535,0.0,0.0
2024-10-17 23:00:00+00:00,12.05,97.0,12.16287,0.0,2.5959969,0.0,0.0
2024-10-17 23:15:00+00:00,11.95,97.0,12.000298,0.0,2.8116899,0.0,0.0
2024-10-17 23:30:00+00:00,11.85,98.0,11.882168,0.0,3.0547013,0.0,0.0
2024-10-17 23:45:00+00:00,11.75,98.0,11.786531,0.0,2.8116899,0.0,0.0
